customer_id,name,age,gender,city
C0001,Jennifer,56,Male,Morrisonmouth
C0002,William,46,Male,Port Charlesshire
C0003,Ellen,32,Male,South Thomasmouth
C0004,Sheri,60,Male,West Megan
C0005,Taylor,25,Male,Josephland
C0006,Oscar,38,Female,Mullinsfort
C0007,James,56,Male,South Stacy
C0008,Derrick,36,Male,Schmidtshire
C0009,Jennifer,40,Male,Millsberg
C0010,Jacqueline,28,Female,Tinatown
C0011,Sarah,28,Female,Port Nicholas
C0012,Todd,41,Male,Sarahchester
C0013,Mindy,53,Female,Leemouth
C0014,Lindsey,57,Male,Robertberg
C0015,Larry,41,Male,Lake Tammyland
C0016,Danielle,20,Female,Port Luis
C0017,Desiree,39,Male,Moorestad
C0018,Timothy,19,Female,Martinton
C0019,Karen,41,Female,South Denise
C0020,Vickie,61,Male,New Eric
C0021,Caitlin,47,Male,South Mark
C0022,Brian,55,Female,Oliviaburgh
C0023,Krystal,19,Male,Brianland
C0024,Amber,38,Male,Travisfurt
C0025,Joseph,50,Male,South Ashley
C0026,Angelica,29,Female,Travishaven
C0027,Jeffrey,39,Female,Brandonmouth
C0028,Crystal,61,Male,Theodoreland
C0029,Denise,42,Female,Darrellshire
C0030,Colin,44,Female,West Tonytown
C0031,Neil,59,Female,East Kathytown
C0032,Matthew,45,Female,Lake James
C0033,Rebekah,33,Female,South Toniland
C0034,Raymond,32,Male,Torresshire
C0035,Michael,64,Male,South Matthewmouth
C0036,Ryan,61,Male,Lake Douglasville
C0037,Timothy,20,Female,Cobbburgh
C0038,James,54,Female,Hollyhaven
C0039,Christopher,24,Male,Jimenezmouth
C0040,Wayne,38,Female,Catherineshire
C0041,Teresa,26,Male,Rojaston
C0042,Chris,56,Male,Janetmouth
C0043,Tiffany,35,Male,East Annabury
C0044,Jeffrey,21,Female,New Robert
C0045,Antonio,42,Female,North Jenniferburgh
C0046,Jonathan,31,Male,Carolhaven
C0047,Anthony,26,Male,Port Elizabethmouth
C0048,James,43,Male,South Dawnland
C0049,Olivia,19,Male,Joshuabury
C0050,Sharon,37,Female,Paulton
C0051,John,45,Female,Hamptonmouth
C0052,Wendy,64,Male,Lake David
C0053,James,24,Male,Maysborough
C0054,Jessica,61,Female,West Patrickmouth
C0055,Scott,25,Female,Austinmouth
C0056,Sarah,64,Male,Christiantown
C0057,Anthony,52,Male,New Douglasberg
C0058,Mark,31,Male,Port Sabrina
C0059,Erika,34,Female,East Sherri
C0060,Russell,53,Female,East Jonathon
C0061,Tonya,57,Female,New Joannburgh
C0062,Adrian,21,Male,Savagemouth
C0063,Ashley,19,Male,Carolchester
C0064,James,23,Female,Jefferyshire
C0065,Samuel,59,Female,South Destiny
C0066,Jason,21,Male,West Phillipbury
C0067,David,46,Female,Riveraburgh
C0068,Kathy,35,Female,Gambleport
C0069,Sean,43,Male,Hebertport
C0070,Charles,61,Female,South Patriciatown
C0071,Jacqueline,51,Male,South Evan
C0072,Kayla,27,Male,North Jessicaview
C0073,Mary,53,Male,West Richardborough
C0074,Lisa,31,Male,Pattersonton
C0075,David,48,Male,Robertchester
C0076,Susan,32,Male,West Marcus
C0077,Angela,25,Male,Port Jasonton
C0078,William,31,Female,Millerbury
C0079,Wanda,40,Male,Lake Nancy
C0080,Deborah,57,Male,Deborahton
C0081,Heidi,38,Female,Figueroaborough
C0082,Rebecca,33,Female,Nunezborough
C0083,Amanda,62,Female,Port Ronaldshire
C0084,Michael,35,Male,Robinsonhaven
C0085,Autumn,64,Female,Salasborough
C0086,Kristen,41,Male,Lake Vicki
C0087,Kathryn,43,Male,Brandiport
C0088,Kimberly,42,Male,Victoriaview
C0089,Dillon,62,Male,Port Catherineside
C0090,Jill,58,Female,South Jacobville
C0091,Crystal,46,Female,Gambleberg
C0092,Laurie,32,Male,West Gregory
C0093,Laura,62,Male,Priceside
C0094,Megan,18,Male,Riverastad
C0095,Juan,42,Female,Patriciamouth
C0096,Keith,24,Male,North Billy
C0097,Sarah,26,Male,Anaview
C0098,Dana,41,Female,New William
C0099,Christine,18,Female,Rebeccaton
C0100,Natalie,61,Male,East Earlfort
C0101,Susan,25,Female,Rosaleschester
C0102,Kayla,41,Female,South Waynefurt
C0103,Deborah,28,Male,Nicolechester
C0104,Wayne,34,Female,South Luismouth
C0105,Donald,25,Male,Gloriaton
C0106,George,52,Female,Nicholaston
C0107,Emily,52,Male,West Stephen
C0108,William,50,Male,Jonathanport
C0109,Richard,22,Male,Darrentown
C0110,Stephen,59,Female,North Sarahmouth
C0111,Paul,56,Male,Lake Laurenberg
C0112,Shawn,58,Female,Kimfurt
C0113,Ryan,45,Male,North Thomashaven
C0114,Chelsea,24,Male,Thomaschester
C0115,Danny,26,Female,Courtneyhaven
C0116,Michelle,25,Male,Port Larryhaven
C0117,Daniel,29,Male,Scottbury
C0118,David,51,Female,Hannahburgh
C0119,Sandra,50,Male,Jeremyland
C0120,Danielle,40,Male,Underwoodchester
C0121,Christine,41,Male,Christopherborough
C0122,David,54,Male,New Megan
C0123,Michael,52,Female,Jaketown
C0124,Tara,61,Female,West Heather
C0125,Jodi,57,Male,Valdezberg
C0126,Jennifer,39,Female,East Lauren
C0127,Brittney,44,Male,Beltranview
C0128,Michael,52,Female,West Elizabethstad
C0129,Christopher,18,Male,Mariamouth
C0130,Frank,52,Male,Davidmouth
C0131,Melanie,54,Male,Woodfort
C0132,Sean,64,Male,Ryanborough
C0133,Haley,31,Male,West Chad
C0134,Kaylee,20,Male,Rodriguezstad
C0135,Elizabeth,18,Female,West Sheilafort
C0136,David,22,Male,East Brandon
C0137,Audrey,43,Female,Mooreside
C0138,Corey,31,Male,West Gregory
C0139,James,56,Female,Deleonberg
C0140,Aaron,44,Female,North Felicia
C0141,Scott,26,Female,Samuelland
C0142,Christopher,32,Male,Ryanborough
C0143,Marissa,32,Male,Matthewston
C0144,Kimberly,43,Female,Lake Randyfort
C0145,James,59,Male,Tracystad
C0146,Jillian,30,Female,Josefort
C0147,Tracy,49,Male,Jeremytown
C0148,Peter,56,Female,Lake James
C0149,Matthew,49,Female,East Robertberg
C0150,Steven,21,Male,Edwardchester
C0151,Caleb,47,Female,Stuartbury
C0152,Mario,54,Male,Paulview
C0153,Marissa,40,Female,Ashleyfurt
C0154,Brittany,56,Female,West Jessica
C0155,Kayla,62,Male,Thompsonborough
C0156,Lauren,32,Male,Port Kathryn
C0157,Russell,60,Male,Port Heather
C0158,William,46,Female,Port Kimberlytown
C0159,Julie,53,Male,Moralesmouth
C0160,Kelly,30,Female,Gomezfurt
C0161,Jeffrey,49,Female,South Davidview
C0162,Jonathan,24,Male,New John
C0163,Melissa,39,Male,Taylormouth
C0164,Michelle,45,Female,South Claireview
C0165,Jacob,19,Female,Matthewview
C0166,Henry,59,Male,Dustinburgh
C0167,Brent,62,Male,Davidstad
C0168,Kathleen,23,Male,South Jasmineborough
C0169,Steven,45,Male,New Connor
C0170,Scott,45,Male,Davidborough
C0171,Ashley,61,Female,Thomasbury
C0172,Kelsey,61,Female,Karihaven
C0173,Anthony,37,Female,Carrilloberg
C0174,Richard,47,Female,Hernandezton
C0175,Jacqueline,28,Male,Fisherport
C0176,Jennifer,45,Male,Christopherville
C0177,Michael,42,Male,Johnsonborough
C0178,Robert,56,Female,Lanestad
C0179,Jennifer,50,Female,Howardton
C0180,John,18,Male,Hollyland
C0181,Daniel,44,Male,Loganfurt
C0182,Richard,30,Female,South Corychester
C0183,Brett,58,Female,North Samuelfort
C0184,Diane,20,Male,Port Kennethtown
C0185,Jason,56,Male,West Jason
C0186,Andrea,23,Female,Port Sarahside
C0187,Joel,25,Male,Lake Aliceburgh
C0188,Mark,44,Male,Port Tammyborough
C0189,Thomas,26,Male,Robertland
C0190,Lauren,54,Female,Isabellaton
C0191,Emily,50,Female,West Jeffreyberg
C0192,John,59,Female,West Dustinhaven
C0193,Scott,61,Female,New Howard
C0194,Adam,41,Female,East Danamouth
C0195,Jason,32,Female,North Brandonport
C0196,Deanna,49,Female,Glassshire
C0197,Keith,49,Male,New Lauren
C0198,Mark,41,Male,Davidfurt
C0199,Benjamin,58,Male,Mooreburgh
C0200,Tina,29,Male,Beasleyland
C0201,Todd,56,Male,North Kellyland
C0202,Andrea,19,Male,Josephbury
C0203,Adrian,20,Male,West Jacqueline
C0204,Leah,54,Female,Fosterchester
C0205,Timothy,34,Female,North Christopherburgh
C0206,Jacob,19,Male,Jenkinsburgh
C0207,Molly,19,Male,Port Jessica
C0208,Brenda,45,Female,West Michellechester
C0209,Lucas,40,Male,Lake Brandon
C0210,Adam,54,Male,Johnburgh
C0211,Allen,49,Female,New Shannon
C0212,Mackenzie,50,Male,New Brianna
C0213,Danielle,18,Female,Georgeton
C0214,Jennifer,36,Male,Judithstad
C0215,Sara,19,Female,Samuelborough
C0216,Donna,61,Female,Port Barbara
C0217,Kara,43,Female,Melissatown
C0218,Theodore,49,Male,East Mirandafurt
C0219,Steven,23,Female,West Dave
C0220,Joshua,49,Male,Rogersport
C0221,Hannah,21,Male,North Johnfurt
C0222,Sierra,28,Male,South Robert
C0223,Toni,34,Male,East Marcusville
C0224,Christina,55,Female,New Ashlee
C0225,Danielle,41,Female,Emmashire
C0226,Briana,22,Male,East Roberto
C0227,Steve,51,Male,Stewartchester
C0228,Michael,23,Female,Lindsaybury
C0229,Eric,39,Male,Melissafurt
C0230,Kimberly,28,Female,East Robertport
C0231,Allison,33,Male,Holmesmouth
C0232,Kenneth,50,Male,Jenniferstad
C0233,Jason,26,Female,Gibsonberg
C0234,Gregory,23,Male,North Paula
C0235,Alyssa,33,Female,Sandovalberg
C0236,Dana,46,Male,Stephenfort
C0237,Tamara,20,Male,West Davidburgh
C0238,Felicia,37,Male,Jenniferbury
C0239,Barbara,53,Female,Mayerstad
C0240,David,36,Male,North Markfort
C0241,William,43,Male,Berryside
C0242,Julie,20,Male,Robinsonstad
C0243,Margaret,36,Male,Allenside
C0244,Jeremiah,37,Female,New Laurenview
C0245,Andrea,49,Female,North Courtneyborough
C0246,Kevin,24,Male,East Joelshire
C0247,Keith,58,Female,Port Lydiamouth
C0248,Katherine,50,Male,Porterchester
C0249,Brian,57,Male,Valeriehaven
C0250,Ralph,56,Male,Maddenfurt
C0251,Veronica,35,Female,Garciahaven
C0252,April,57,Female,South Joyton
C0253,Jill,18,Female,Shanestad
C0254,Theresa,28,Female,Lake Beckyfort
C0255,Jessica,45,Female,Ramoschester
C0256,Ashley,42,Female,New Laurenland
C0257,Alexis,40,Female,Gonzalezside
C0258,Paul,48,Female,East Amyton
C0259,Stephanie,47,Female,East Jenniferfurt
C0260,Mark,59,Male,North Brett
C0261,Amanda,52,Female,Kristinburgh
C0262,Billy,24,Female,Mooreburgh
C0263,Melissa,33,Female,Craigfort
C0264,Tracey,43,Female,North Lindafurt
C0265,James,19,Female,North Adamton
C0266,Suzanne,18,Female,Emilybury
C0267,Steven,29,Female,Heatherborough
C0268,Gary,22,Female,Youngborough
C0269,Martin,54,Female,Haletown
C0270,Heather,49,Female,New James
C0271,Hannah,26,Female,Murphystad
C0272,Destiny,58,Male,Pamelachester
C0273,Holly,52,Male,Lake Shaunchester
C0274,Kevin,36,Female,East Benjamin
C0275,Benjamin,33,Female,Port Travis
C0276,Angela,20,Male,Mcdonaldfurt
C0277,James,37,Female,West Melissaville
C0278,Ricardo,41,Male,East Robin
C0279,Abigail,50,Male,North Isaiahtown
C0280,James,41,Male,Debramouth
C0281,Jim,28,Male,North Larry
C0282,Melissa,25,Male,South Kenneth
C0283,Lori,53,Female,West Stevenville
C0284,Robert,55,Male,Hoffmanberg
C0285,Connie,57,Female,Geoffreychester
C0286,Brandon,37,Female,Richardshire
C0287,Robert,52,Male,North Kyle
C0288,Chelsea,42,Male,Fieldsport
C0289,Robert,52,Female,Amyport
C0290,Thomas,42,Male,East Brendaton
C0291,Rebecca,46,Male,Susanside
C0292,Rebecca,35,Female,East Edward
C0293,James,63,Female,Harperport
C0294,Jennifer,35,Male,Larryberg
C0295,Jason,19,Female,Lake Tyler
C0296,Angela,52,Male,Port Cristianhaven
C0297,Sarah,33,Male,East Michael
C0298,Alex,58,Male,East Alexville
C0299,Robert,53,Female,Waynemouth
C0300,Lisa,50,Female,Justinville
C0301,Kevin,21,Female,Priceberg
C0302,James,50,Female,East Frank
C0303,Jacob,31,Female,West Jorgefurt
C0304,Scott,38,Male,Rosemouth
C0305,Melissa,37,Male,New Gina
C0306,Toni,25,Male,Jasonchester
C0307,Erin,24,Male,West Nicoleview
C0308,Jeffrey,20,Female,Lake Robin
C0309,Danielle,34,Male,Mitchellshire
C0310,Sarah,50,Female,Johnsonmouth
C0311,Nathaniel,29,Male,Amandamouth
C0312,Allison,39,Female,North Edward
C0313,Anthony,39,Female,Anthonymouth
C0314,Amy,63,Male,Lake Vanessa
C0315,Heather,47,Male,Timothyton
C0316,Rodney,55,Male,Francischester
C0317,Angela,55,Male,South Jesusfort
C0318,Lisa,62,Female,Williamfurt
C0319,Heidi,25,Male,Nathanieltown
C0320,Lance,44,Male,Port Monicamouth
C0321,Matthew,44,Female,Mcbrideside
C0322,Russell,51,Male,Port Derek
C0323,Mitchell,38,Male,Port Deannaberg
C0324,Lisa,47,Male,North Mariafort
C0325,Tonya,50,Male,Chambersland
C0326,Daniel,45,Male,East James
C0327,Stephanie,64,Female,Amandafurt
C0328,Laura,50,Male,North Justin
C0329,Stephanie,22,Male,East Beckychester
C0330,Ashley,36,Male,North Leeland
C0331,Michael,21,Male,Josephborough
C0332,Thomas,52,Male,Port Cassidy
C0333,Christopher,34,Female,North Isaactown
C0334,Jonathan,61,Male,Port Jenniferfort
C0335,Robert,45,Female,Oconnellfort
C0336,Anna,47,Female,West Carlosport
C0337,Matthew,46,Male,West Travis
C0338,James,63,Male,Davidberg
C0339,Cynthia,23,Male,South Baileyfurt
C0340,Daniel,52,Male,Garciaberg
C0341,Nicholas,58,Female,Wardhaven
C0342,Rachel,54,Male,Calebtown
C0343,Cheryl,41,Male,West Meganmouth
C0344,Samuel,46,Male,Hayesshire
C0345,Brian,63,Male,New Jeffreyton
C0346,Patrick,48,Male,Simsport
C0347,Hector,52,Male,Boothfurt
C0348,Misty,50,Female,Elliottburgh
C0349,Kenneth,38,Female,Huffmanville
C0350,Michael,49,Male,North Markton
C0351,Christine,40,Male,Jasminborough
C0352,Kimberly,50,Male,Camachoside
C0353,David,20,Female,Mooreland
C0354,Bryan,35,Male,Port Amyfurt
C0355,Christine,42,Female,Zunigastad
C0356,Nathan,59,Male,Gonzalezfort
C0357,Cameron,48,Male,Sanchezberg
C0358,Catherine,20,Male,East David
C0359,Nathan,57,Male,Raymondfurt
C0360,Clinton,63,Female,Millerberg
C0361,Bradley,41,Female,Davidville
C0362,Christina,49,Male,Thomasside
C0363,James,64,Male,Leahmouth
C0364,Sean,39,Female,Fredbury
C0365,David,40,Female,East Kevinport
C0366,Brian,19,Female,Jonathanview
C0367,Gregory,44,Female,Merrittburgh
C0368,Spencer,59,Male,South Phillipland
C0369,Brooke,19,Female,Gailview
C0370,Stephen,43,Male,North Autumnborough
C0371,James,34,Female,Nicholasburgh
C0372,Eduardo,57,Female,Hunterstad
C0373,Megan,50,Female,Mcmillanmouth
C0374,Rodney,26,Female,Jamesborough
C0375,Eric,60,Female,North Jonathanview
C0376,Carlos,56,Male,Maryside
C0377,Joshua,46,Male,North Isabella
C0378,Frank,59,Female,East Thomasshire
C0379,Roger,43,Female,Contreraschester
C0380,Megan,52,Male,Tinaville
C0381,Lisa,42,Female,Branditon
C0382,Courtney,41,Female,Port Diana
C0383,Monica,30,Male,Gloriamouth
C0384,Andrew,24,Female,Joeborough
C0385,Johnathan,53,Female,Lake Christopherhaven
C0386,Brady,62,Male,South Jeffrey
C0387,Zachary,37,Male,Port Matthew
C0388,Carrie,18,Male,Turnerborough
C0389,Jason,25,Female,Maysburgh
C0390,James,63,Male,Diazbury
C0391,Lindsay,33,Male,Whiteport
C0392,Diamond,31,Male,Ashleyburgh
C0393,Barry,29,Male,East Christopher
C0394,Tyler,40,Male,Rachelville
C0395,Chelsea,32,Male,Foleymouth
C0396,Katherine,45,Female,North Maria
C0397,Paul,51,Female,Cherylmouth
C0398,Kyle,19,Male,Mariahaven
C0399,Christopher,49,Male,Hollowaychester
C0400,Stephanie,40,Male,Nicolehaven
C0401,Gregory,39,Female,Deborahbury
C0402,Shawna,42,Female,Austinberg
C0403,Andrew,39,Female,South Randyside
C0404,James,39,Female,Johnside
C0405,Katherine,59,Female,East Mary
C0406,Kirsten,23,Female,Lake Jacquelineview
C0407,Adrian,32,Female,South Jeffreychester
C0408,Zachary,60,Female,East Kellyfort
C0409,Evan,54,Female,South Thomasview
C0410,Randy,50,Male,Bennettfurt
C0411,Kent,25,Male,East Adamfort
C0412,Brandon,61,Male,New Lauraberg
C0413,Janet,61,Male,Brandiport
C0414,Rachel,22,Female,New Elizabethland
C0415,Jeffrey,56,Female,Fostertown
C0416,Derek,21,Male,North Mary
C0417,Tiffany,23,Female,Ericatown
C0418,Stacy,62,Male,North Laura
C0419,Joseph,49,Female,Wilsonville
C0420,James,47,Male,Bethshire
C0421,Michael,64,Female,New Abigailton
C0422,Lisa,52,Female,Natalieview
C0423,Janice,57,Male,South Julia
C0424,Stacey,33,Female,Garymouth
C0425,Susan,30,Male,East Tina
C0426,Desiree,59,Male,Anthonymouth
C0427,Wanda,47,Male,Ayersport
C0428,Robert,36,Male,Waltertown
C0429,Kenneth,34,Female,Lisastad
C0430,Angela,36,Female,Lake Lee
C0431,Scott,45,Female,Popeburgh
C0432,Christine,43,Male,Lake Randyport
C0433,Richard,54,Female,North Robertbury
C0434,Lawrence,43,Male,West Lisabury
C0435,Stephanie,40,Female,Dianaview
C0436,Joseph,26,Female,West Charlesshire
C0437,Elizabeth,29,Female,West Patricia
C0438,Joseph,18,Male,North Patrick
C0439,Julie,18,Female,North Traci
C0440,Hannah,64,Female,Heatherbury
C0441,Tyler,51,Male,East Shelly
C0442,Jacqueline,49,Female,West Staceystad
C0443,David,42,Male,North Jaime
C0444,Alexandra,57,Female,West Jessicaberg
C0445,Charles,62,Male,Whiteville
C0446,William,18,Male,South Kimberlyton
C0447,Amber,33,Female,Laurieton
C0448,Jennifer,56,Male,New Robertville
C0449,James,22,Male,Lake Mary
C0450,Samuel,39,Male,New Jamesside
C0451,Jason,46,Male,South Jackhaven
C0452,Melinda,20,Male,Osbornefort
C0453,Jasmine,29,Male,West Katrina
C0454,Jimmy,43,Female,East Rogerberg
C0455,Stephanie,33,Male,Danielmouth
C0456,Zachary,54,Male,South Kristenburgh
C0457,William,39,Female,New Kathrynberg
C0458,Elizabeth,46,Female,Pamelafurt
C0459,Ian,31,Female,Lake Robertland
C0460,Samuel,45,Female,East Shawnmouth
C0461,Michele,22,Female,North Keith
C0462,Jerry,64,Female,South Katrinastad
C0463,James,47,Female,Lake Brandonberg
C0464,Danielle,63,Male,Lake Calvin
C0465,Tyler,22,Male,New Crystalhaven
C0466,Chloe,29,Female,Port Nataliemouth
C0467,Sean,33,Male,Bryanmouth
C0468,Amy,43,Male,North Matthew
C0469,Amanda,43,Male,Millsmouth
C0470,David,38,Female,Tiffanyland
C0471,Wendy,56,Female,Craneport
C0472,Julia,53,Male,Port Barbaraburgh
C0473,Paul,50,Female,Lynnview
C0474,Jonathan,47,Male,Hartmouth
C0475,Brooke,54,Male,Edwardmouth
C0476,Chelsey,40,Male,Port Emilytown
C0477,Nathan,27,Male,New Tiffany
C0478,Tyrone,22,Female,Wolfefort
C0479,Carrie,53,Female,South Tammybury
C0480,Jamie,51,Female,Nicolebury
C0481,Caitlin,48,Male,Michaelville
C0482,Gary,27,Female,Ryanland
C0483,Cody,36,Male,Lake Amandaport
C0484,Edward,49,Female,West Pamelahaven
C0485,Cameron,18,Male,New Deborahfurt
C0486,Jasmine,22,Male,East Kristen
C0487,Christina,62,Male,Rivasburgh
C0488,Jacob,21,Female,Jacobberg
C0489,Benjamin,33,Female,Stevensmouth
C0490,Jennifer,41,Female,Brightville
C0491,Tyler,33,Female,East Samanthaborough
C0492,Douglas,19,Male,Jonathanport
C0493,Kristopher,45,Female,Brownfort
C0494,Kristi,49,Female,South Jamie
C0495,Austin,44,Male,Mikeside
C0496,Stephanie,37,Male,Santosport
C0497,Susan,41,Male,Annaside
C0498,Spencer,29,Female,Harrisside
C0499,Rachel,52,Male,Anthonymouth
C0500,Jasmine,50,Male,North Mark
